auc,acc,dice/F1,MCC,spec,sens,opt_t
0.9805744281571828,0.9564561117836199,0.8273367632709993,0.8024244026479437,0.97527889408215,0.8262077955483281,0.40784313725490196
