auc,acc,dice/F1,MCC,spec,sens,opt_t
0.9809846921675183,0.9565477674818794,0.8283101377812531,0.8034390669865634,0.9748186515113187,0.8301184307758709,0.4117647058823529
