auc,acc,dice/F1,MCC,spec,sens,opt_t
0.9810980366054773,0.9567219958812737,0.8291633528468428,0.8043913993263233,0.9747786441146757,0.8317751101364799,0.403921568627451
