auc,acc,dice/F1,MCC,spec,sens,opt_t
0.9777863667180148,0.9527849294911706,0.8140499899187648,0.787025619576838,0.9721920241632075,0.8184933373151767,0.4
