auc,acc,dice/F1,MCC,spec,sens,opt_t
0.9817664729367308,0.9568953985536566,0.8306735173147536,0.8060133690573621,0.9741709727121203,0.8373533239309513,0.39215686274509803
