auc,acc,dice/F1,MCC,spec,sens,opt_t
0.982718695758082,0.9575835043964459,0.8329343862068367,0.8086583210514835,0.9749503293994827,0.8374099998038143,0.39215686274509803
