auc,acc,dice/F1,MCC,spec,sens,opt_t
0.9823445686695526,0.9574819399740502,0.8314241345856891,0.8070981203217404,0.9758490782390319,0.8303865512513379,0.4117647058823529
