auc,acc,dice/F1,MCC,spec,sens,opt_t
0.9811409608689787,0.9565119859780544,0.8287479772081625,0.8038586577889829,0.9743083209399659,0.83336639425917,0.396078431372549
