auc,acc,dice/F1,MCC,spec,sens,opt_t
0.9800711144015049,0.9557528676122893,0.8249842955421114,0.7996601352375207,0.9745168634327039,0.8259113371364297,0.40784313725490196
