auc,acc,dice/F1,MCC,spec,sens,opt_t
0.9918737974189967,0.9582965850830079,0.9239712723335214,0.8954242448818068,0.9660086572844566,0.9374781258820208,0.44705882352941173
