auc,acc,dice/F1,MCC,spec,sens,opt_t
0.9823770500079289,0.957172292344795,0.8314225724742096,0.8069127162417367,0.9746220797356866,0.8364247115525048,0.4
