auc,acc,dice/F1,MCC,spec,sens,opt_t
0.9789196987360493,0.9549808128566797,0.8212952765540871,0.7955450578549019,0.9745893177730812,0.8192955189003137,0.4
